Aquation of trans-[Co(en)2Cl2]+,,,,wavelength in nm,,time in minutes,,40 C,Co=6mm,H+=0.1M HNO3,,I=0.4M KNO3,,,,,,,,
wavelength,0,15,30,45,60,75,90,105,120,135,150,165,180,195,210,225,240,255,270,285
350,0.202706,0.199709,0.198041,0.195983,0.195025,0.193761,0.192233,0.191208,0.190037,0.189002,0.187947,0.186951,0.186,0.185331,0.184169,0.183727,0.182828,0.182008,0.181435,0.180973
351,0.190842,0.18837,0.187241,0.185452,0.184739,0.183923,0.18277,0.182085,0.181194,0.180537,0.179818,0.179324,0.178575,0.178115,0.177279,0.176981,0.176413,0.175878,0.175431,0.175203
352,0.180332,0.178542,0.177817,0.176329,0.175916,0.175424,0.174586,0.174367,0.173688,0.173456,0.17307,0.172729,0.172318,0.172062,0.171678,0.171312,0.17121,0.170908,0.170643,0.170763
353,0.171394,0.170119,0.169666,0.16876,0.168572,0.168423,0.167911,0.167878,0.167545,0.167385,0.167453,0.167255,0.167155,0.167075,0.16685,0.16699,0.166793,0.166701,0.166789,0.166853
354,0.164058,0.163273,0.163083,0.16217,0.162484,0.162389,0.162269,0.162482,0.162379,0.162597,0.162773,0.162765,0.16278,0.163129,0.163149,0.163161,0.163386,0.163547,0.163684,0.163879
355,0.157688,0.157284,0.157229,0.156773,0.157249,0.157557,0.157593,0.158084,0.158138,0.1587,0.158765,0.159096,0.15952,0.159911,0.160048,0.160308,0.160625,0.161008,0.161295,0.161597
356,0.152293,0.152163,0.152497,0.152201,0.15272,0.153446,0.153556,0.154138,0.154747,0.155203,0.155643,0.155965,0.156644,0.157185,0.157365,0.157908,0.158368,0.158887,0.159348,0.159763
357,0.147796,0.147915,0.148518,0.148436,0.149109,0.150021,0.150355,0.151046,0.151689,0.152435,0.153095,0.153595,0.15431,0.155095,0.155556,0.156099,0.156577,0.157189,0.157722,0.158471
358,0.144041,0.144454,0.145153,0.145254,0.146154,0.147087,0.147542,0.148589,0.149311,0.150047,0.150974,0.151692,0.152488,0.153367,0.153904,0.154568,0.155276,0.155835,0.15657,0.157273
359,0.141004,0.141364,0.142283,0.142413,0.14363,0.144643,0.145389,0.146398,0.147361,0.148321,0.149321,0.150045,0.151052,0.151866,0.152568,0.153482,0.154222,0.154888,0.155625,0.156513
360,0.138164,0.138825,0.139999,0.140346,0.141589,0.142689,0.143508,0.144704,0.145641,0.146891,0.147924,0.148738,0.149826,0.150882,0.151581,0.152559,0.153325,0.154098,0.154954,0.155842
361,0.135942,0.136802,0.137908,0.138462,0.13986,0.141071,0.142011,0.143313,0.144388,0.145677,0.146704,0.147788,0.148776,0.149928,0.150752,0.151825,0.152704,0.153586,0.154289,0.155368
362,0.134022,0.134943,0.136261,0.136886,0.138381,0.139708,0.14067,0.142047,0.14328,0.144466,0.14572,0.146894,0.148052,0.149329,0.150111,0.151135,0.152157,0.1529,0.153942,0.15487
363,0.132276,0.133485,0.134872,0.135547,0.137115,0.138647,0.139691,0.14108,0.142413,0.143785,0.145154,0.146148,0.14746,0.148628,0.149536,0.150645,0.151703,0.152595,0.15371,0.154518
364,0.130851,0.132182,0.133743,0.134571,0.136103,0.137571,0.13873,0.140364,0.141652,0.143196,0.144354,0.145571,0.146767,0.148203,0.149151,0.150262,0.151282,0.152221,0.153297,0.154334
365,0.12957,0.131118,0.132657,0.133526,0.135083,0.13669,0.138113,0.139434,0.140878,0.142387,0.143731,0.145047,0.146607,0.147634,0.148687,0.149835,0.150989,0.152028,0.15298,0.154095
366,0.128724,0.130175,0.131845,0.132682,0.134394,0.136062,0.137203,0.138881,0.140379,0.141874,0.143265,0.14461,0.146002,0.147301,0.148164,0.149525,0.150471,0.151686,0.152697,0.153652
367,0.127871,0.129157,0.131018,0.131906,0.133683,0.13533,0.136733,0.138311,0.139771,0.141245,0.142637,0.144145,0.145459,0.146852,0.147813,0.149077,0.150301,0.151247,0.152294,0.153506
368,0.126853,0.128379,0.130145,0.131167,0.13279,0.134596,0.135929,0.13783,0.139229,0.140587,0.14211,0.143527,0.145099,0.146397,0.147354,0.148629,0.149734,0.150823,0.151975,0.152979
369,0.126147,0.127564,0.129597,0.130602,0.132185,0.134098,0.135406,0.137133,0.138539,0.14024,0.141617,0.143025,0.144296,0.145918,0.146913,0.148128,0.149359,0.150337,0.151344,0.152406
370,0.1253,0.127027,0.128906,0.130078,0.131642,0.133418,0.134862,0.136596,0.138088,0.139713,0.141129,0.142534,0.14376,0.145221,0.146404,0.147634,0.148687,0.149871,0.15091,0.151957
371,0.124545,0.126313,0.128222,0.12916,0.13099,0.13286,0.134273,0.135965,0.137324,0.139048,0.140539,0.141925,0.143469,0.144538,0.14576,0.147002,0.148193,0.14913,0.150131,0.151157
372,0.123932,0.125623,0.127644,0.128446,0.130306,0.132097,0.133385,0.135214,0.136787,0.13817,0.139825,0.141063,0.142666,0.143944,0.145049,0.146256,0.147322,0.14848,0.149452,0.150438
373,0.123153,0.124977,0.126735,0.127779,0.129731,0.131578,0.132836,0.134624,0.135969,0.137513,0.139154,0.14051,0.141819,0.143126,0.144246,0.145432,0.146392,0.147875,0.14857,0.149633
374,0.122447,0.124288,0.126112,0.127015,0.12884,0.130769,0.132004,0.133627,0.135205,0.136799,0.138111,0.139658,0.141087,0.1423,0.143353,0.144553,0.145685,0.146617,0.147812,0.148696
375,0.121768,0.123301,0.125276,0.126175,0.127961,0.129836,0.131298,0.132967,0.134371,0.136006,0.137432,0.138746,0.140042,0.141475,0.142243,0.143469,0.144835,0.145661,0.146463,0.147524
376,0.120919,0.122643,0.124592,0.125508,0.127172,0.129128,0.130622,0.131985,0.13331,0.134821,0.136217,0.137763,0.139016,0.14032,0.14138,0.14231,0.14359,0.144589,0.14557,0.146507
377,0.120072,0.121715,0.123556,0.1247,0.12638,0.128338,0.129662,0.131072,0.132356,0.133982,0.135266,0.136708,0.138157,0.139222,0.140387,0.141326,0.142305,0.143356,0.144138,0.144948
378,0.119375,0.121018,0.122652,0.123518,0.125469,0.126977,0.128334,0.129968,0.131227,0.132646,0.134345,0.135339,0.136534,0.137648,0.138847,0.139724,0.140832,0.141823,0.142744,0.143678
379,0.118868,0.120477,0.122114,0.123047,0.124738,0.126445,0.127718,0.129144,0.13054,0.132005,0.133312,0.134666,0.135644,0.136874,0.137749,0.138868,0.139761,0.14081,0.141539,0.142471
380,0.118724,0.120222,0.121898,0.12283,0.12449,0.12602,0.127315,0.128825,0.130126,0.131536,0.132799,0.134104,0.1352,0.136344,0.137239,0.138164,0.139094,0.139774,0.140737,0.141455
381,0.117832,0.119382,0.120961,0.122045,0.123473,0.125154,0.126315,0.127744,0.128895,0.130204,0.131444,0.132589,0.133904,0.135027,0.135608,0.136668,0.137492,0.138305,0.139138,0.139875
382,0.117138,0.118725,0.120206,0.121037,0.122495,0.123985,0.125168,0.126661,0.127745,0.128865,0.130306,0.13127,0.132446,0.133349,0.13433,0.135175,0.135885,0.136775,0.137313,0.138135
383,0.116381,0.117766,0.11918,0.119987,0.121579,0.123041,0.124057,0.125397,0.126501,0.127841,0.128926,0.129987,0.130967,0.131888,0.132715,0.133636,0.13433,0.135113,0.135619,0.136316
384,0.115462,0.116773,0.118201,0.119061,0.120489,0.121827,0.1229,0.124179,0.125181,0.126366,0.127586,0.128608,0.129546,0.13037,0.131092,0.13204,0.13255,0.133304,0.133744,0.134497
385,0.114555,0.11598,0.117399,0.118046,0.119389,0.120749,0.121594,0.122944,0.123941,0.125004,0.126123,0.127025,0.127925,0.128818,0.129497,0.13018,0.130948,0.131417,0.132023,0.132548
386,0.113807,0.11497,0.116388,0.116948,0.118165,0.119551,0.120441,0.121648,0.122552,0.123514,0.124632,0.125435,0.126238,0.127104,0.127712,0.128298,0.129077,0.129533,0.130143,0.130649
387,0.112888,0.114033,0.115348,0.115842,0.117111,0.118328,0.119167,0.1203,0.121118,0.122239,0.122987,0.123895,0.124831,0.125394,0.126042,0.126532,0.127107,0.127578,0.128146,0.128628
388,0.112044,0.113148,0.114317,0.114797,0.115941,0.117112,0.117793,0.118852,0.119698,0.120608,0.121539,0.122327,0.123091,0.123716,0.124151,0.124807,0.125226,0.125718,0.126053,0.126389
389,0.11121,0.112103,0.113299,0.113733,0.114749,0.115956,0.11651,0.117556,0.118242,0.118977,0.119859,0.120564,0.121237,0.121891,0.122319,0.122858,0.123272,0.123663,0.123955,0.124348
390,0.110282,0.111152,0.112133,0.112588,0.113524,0.11458,0.115258,0.116049,0.116708,0.117533,0.11825,0.118862,0.119438,0.119995,0.120317,0.120777,0.121157,0.121551,0.121812,0.122159
391,0.109299,0.110178,0.111103,0.111387,0.112322,0.113335,0.113702,0.114569,0.115147,0.115892,0.116511,0.117149,0.117614,0.118131,0.118531,0.118779,0.119187,0.119414,0.119671,0.119879
392,0.108528,0.109217,0.110046,0.110221,0.111044,0.11192,0.112418,0.113093,0.113683,0.114239,0.114898,0.115384,0.115779,0.116249,0.116612,0.116895,0.117081,0.117317,0.117473,0.117624
393,0.107521,0.108039,0.109058,0.109049,0.109807,0.110721,0.111015,0.111683,0.112151,0.11257,0.113142,0.113664,0.113909,0.114284,0.114573,0.114874,0.11496,0.115108,0.11529,0.115461
394,0.106564,0.107147,0.107866,0.107811,0.108585,0.109305,0.109576,0.110216,0.110545,0.110942,0.111383,0.111783,0.11228,0.112427,0.11262,0.112873,0.112985,0.113215,0.113073,0.113132
395,0.105689,0.10618,0.106637,0.106619,0.107276,0.108004,0.108286,0.108678,0.108972,0.109349,0.109667,0.109995,0.11021,0.110414,0.110583,0.1107,0.110736,0.110942,0.110964,0.110896
396,0.104723,0.105121,0.105682,0.105387,0.105983,0.106611,0.10665,0.107112,0.107323,0.107751,0.107962,0.108235,0.108407,0.108516,0.108561,0.108549,0.108672,0.108704,0.108613,0.108683
397,0.103804,0.104061,0.104711,0.104357,0.104601,0.105201,0.105243,0.105742,0.10583,0.105994,0.106199,0.106452,0.106528,0.106675,0.106623,0.106612,0.106509,0.106468,0.106367,0.106418
398,0.102816,0.10307,0.103388,0.103079,0.10345,0.103886,0.103915,0.104076,0.104269,0.104325,0.104502,0.104658,0.104669,0.104728,0.104602,0.104532,0.104472,0.104431,0.104232,0.104104
399,0.101794,0.101985,0.102225,0.101877,0.102114,0.102602,0.102396,0.102528,0.102531,0.102726,0.102639,0.102697,0.102777,0.102816,0.10265,0.102541,0.102372,0.102269,0.102113,0.101853
400,0.100842,0.100855,0.101076,0.100685,0.100819,0.101074,0.101031,0.101037,0.100925,0.100935,0.10095,0.100941,0.100989,0.100919,0.100684,0.100449,0.100334,0.100266,0.099915,0.099627
401,0.09989,0.099838,0.100064,0.099361,0.099483,0.099717,0.099547,0.099588,0.099431,0.099401,0.099291,0.099125,0.099118,0.099042,0.098571,0.098458,0.09831,0.09807,0.097763,0.097478
402,0.098854,0.098753,0.098917,0.098154,0.098243,0.098398,0.098121,0.098004,0.097803,0.097725,0.097508,0.097391,0.097255,0.097006,0.096685,0.096587,0.096195,0.095965,0.095597,0.095352
403,0.097956,0.097715,0.097601,0.097,0.097001,0.096917,0.09659,0.096483,0.09619,0.096045,0.095873,0.09556,0.095467,0.0953,0.094836,0.09459,0.094241,0.093902,0.093435,0.093167
404,0.096805,0.096465,0.096586,0.09571,0.095686,0.095684,0.095164,0.094923,0.094642,0.094415,0.094211,0.094002,0.093711,0.093404,0.092919,0.092673,0.092166,0.091957,0.091395,0.091032
405,0.095967,0.095338,0.095403,0.094538,0.094281,0.094378,0.09375,0.093495,0.093156,0.092784,0.092472,0.092189,0.091887,0.091577,0.090979,0.090681,0.090311,0.089906,0.089451,0.089118
406,0.094979,0.09438,0.09425,0.093272,0.092913,0.092937,0.092311,0.092015,0.091614,0.091224,0.09084,0.090537,0.090075,0.089713,0.089277,0.088889,0.088352,0.087881,0.087443,0.086956
407,0.093939,0.093209,0.093049,0.092068,0.091779,0.091505,0.091031,0.09065,0.090024,0.08961,0.089215,0.088833,0.088426,0.087985,0.087474,0.08703,0.086444,0.086049,0.085508,0.08513
408,0.092962,0.092156,0.091878,0.090852,0.090417,0.09017,0.089586,0.08918,0.088569,0.088133,0.087672,0.08726,0.086762,0.086203,0.085629,0.085225,0.084598,0.084215,0.083619,0.083305
409,0.091818,0.091009,0.090658,0.089609,0.089177,0.088884,0.088142,0.087766,0.087062,0.08663,0.086061,0.085627,0.085099,0.084577,0.083878,0.083437,0.082879,0.082451,0.081661,0.081378
410,0.090943,0.09001,0.089595,0.088428,0.087939,0.087718,0.086858,0.08634,0.085626,0.085044,0.084596,0.084044,0.083496,0.082975,0.082311,0.081742,0.081192,0.080505,0.079846,0.07958
411,0.089925,0.088909,0.088373,0.087343,0.086767,0.086375,0.085487,0.085026,0.084329,0.083678,0.083055,0.082504,0.08182,0.081352,0.08065,0.080131,0.079432,0.078966,0.078199,0.077737
412,0.088891,0.087908,0.087298,0.086154,0.08554,0.085042,0.084185,0.083649,0.08282,0.082349,0.081611,0.081084,0.080497,0.079877,0.07912,0.078569,0.077799,0.077263,0.07671,0.076055
413,0.087811,0.086762,0.086281,0.084896,0.084417,0.083802,0.082963,0.082363,0.081547,0.080788,0.080292,0.079546,0.078901,0.078427,0.077585,0.077032,0.076285,0.075704,0.074979,0.074509
414,0.086898,0.085695,0.085146,0.083753,0.083171,0.082724,0.081816,0.081023,0.080289,0.079618,0.078888,0.078299,0.07754,0.076987,0.076251,0.075601,0.074866,0.074219,0.073584,0.073042
415,0.085915,0.0847,0.084026,0.082686,0.082034,0.081554,0.080551,0.079757,0.079081,0.078366,0.077651,0.076888,0.076222,0.075642,0.074829,0.074146,0.073477,0.072982,0.072104,0.071691
416,0.084932,0.083614,0.082965,0.081569,0.080976,0.080475,0.079429,0.078729,0.077812,0.077098,0.07628,0.075625,0.074906,0.074234,0.073513,0.072853,0.072153,0.07147,0.070807,0.07023
417,0.083969,0.082704,0.082065,0.080526,0.079725,0.079306,0.078319,0.077453,0.076704,0.075937,0.075178,0.074548,0.073719,0.073106,0.072265,0.071642,0.070833,0.070306,0.069485,0.068984
418,0.083033,0.081698,0.080973,0.079545,0.078803,0.078229,0.07718,0.076452,0.075544,0.074895,0.073998,0.073358,0.072571,0.071879,0.071112,0.070492,0.06966,0.069049,0.068239,0.067697
419,0.082151,0.080738,0.080057,0.078612,0.077728,0.077153,0.07617,0.075424,0.074577,0.073695,0.072992,0.07227,0.071482,0.070778,0.070066,0.069226,0.068635,0.067994,0.067138,0.066577
420,0.081231,0.079875,0.079138,0.077784,0.076912,0.076295,0.075276,0.074462,0.073652,0.072765,0.07191,0.071227,0.070432,0.069788,0.068953,0.068302,0.067562,0.066989,0.066192,0.065529
421,0.080344,0.07893,0.078294,0.07681,0.075969,0.075316,0.074357,0.073432,0.072582,0.071854,0.070919,0.070229,0.069445,0.068933,0.068061,0.06731,0.066596,0.065988,0.065233,0.064635
422,0.079501,0.078066,0.077388,0.075874,0.075134,0.074528,0.073413,0.072572,0.07167,0.070927,0.070109,0.06933,0.068679,0.067942,0.067154,0.066456,0.065802,0.065156,0.064501,0.063821
423,0.078768,0.077322,0.076649,0.075134,0.074325,0.073636,0.072583,0.071954,0.070923,0.070218,0.069276,0.068597,0.067865,0.067219,0.066345,0.065655,0.065077,0.064311,0.063586,0.063075
424,0.077904,0.076663,0.07596,0.074355,0.073591,0.072989,0.071865,0.071093,0.070196,0.069328,0.068523,0.067892,0.067052,0.066516,0.065654,0.065086,0.064405,0.063723,0.062905,0.062419
425,0.077263,0.07588,0.075221,0.073722,0.072902,0.072351,0.071288,0.070414,0.069491,0.068721,0.067924,0.067228,0.066447,0.0658,0.065032,0.064471,0.063711,0.063186,0.062279,0.061907
426,0.076597,0.075268,0.07462,0.073042,0.072292,0.071684,0.0706,0.069796,0.069008,0.068207,0.067268,0.06664,0.065865,0.065287,0.064492,0.063868,0.063185,0.062585,0.061888,0.061417
427,0.075921,0.07453,0.074005,0.072451,0.071645,0.071079,0.070112,0.069287,0.06839,0.067564,0.066798,0.066129,0.065404,0.064802,0.064074,0.063436,0.062778,0.062103,0.061471,0.061141
428,0.075406,0.073999,0.073436,0.072035,0.071098,0.07045,0.069595,0.06875,0.067852,0.067237,0.066314,0.06568,0.06506,0.064409,0.063511,0.063011,0.062385,0.061787,0.061097,0.060787
429,0.074839,0.073503,0.072805,0.071416,0.070748,0.070088,0.069057,0.068312,0.067535,0.066792,0.065939,0.065287,0.064626,0.064091,0.063361,0.062648,0.062092,0.061594,0.060898,0.060435
430,0.074483,0.073071,0.07249,0.071024,0.070212,0.069751,0.068684,0.067952,0.06699,0.066361,0.065615,0.064998,0.064353,0.063701,0.062965,0.062477,0.061857,0.061357,0.060748,0.060336
431,0.073982,0.072661,0.072015,0.070577,0.069826,0.06923,0.068362,0.067761,0.066803,0.066144,0.065433,0.064771,0.064113,0.063638,0.062888,0.062294,0.061748,0.061216,0.060681,0.060146
432,0.073632,0.072233,0.071592,0.070248,0.069548,0.06894,0.068128,0.067441,0.06662,0.065966,0.065165,0.06471,0.063933,0.063444,0.062817,0.062419,0.061687,0.061246,0.06056,0.060287
433,0.073216,0.071998,0.071366,0.070048,0.069312,0.068691,0.067886,0.067211,0.066418,0.065812,0.06503,0.06449,0.063963,0.063456,0.062799,0.062349,0.061707,0.061304,0.060691,0.060522
434,0.072967,0.071577,0.071207,0.069735,0.069085,0.068582,0.067716,0.067127,0.066407,0.0658,0.064967,0.064397,0.063886,0.063425,0.062762,0.062409,0.061752,0.061445,0.060941,0.060639
435,0.072643,0.071441,0.070841,0.069633,0.069039,0.06846,0.06763,0.067057,0.066264,0.065624,0.06496,0.064592,0.063942,0.063545,0.062808,0.062614,0.062037,0.06165,0.061197,0.060923
436,0.072407,0.071263,0.070778,0.069474,0.068737,0.068346,0.067562,0.06702,0.066375,0.065709,0.065045,0.064586,0.064136,0.063591,0.063117,0.062734,0.062258,0.061933,0.061414,0.061288
437,0.072254,0.071075,0.070585,0.069319,0.068622,0.06826,0.067623,0.066986,0.066381,0.065689,0.065221,0.064669,0.064259,0.0639,0.063359,0.062998,0.062635,0.062385,0.061851,0.061612
438,0.072064,0.070949,0.070447,0.069307,0.068622,0.068361,0.067624,0.067036,0.066463,0.065935,0.065354,0.064995,0.06459,0.06414,0.063643,0.063371,0.062961,0.062808,0.06229,0.062125
439,0.07201,0.070931,0.070465,0.069321,0.068691,0.068409,0.067695,0.067208,0.066722,0.066131,0.065573,0.065355,0.064881,0.064485,0.064108,0.063818,0.063461,0.063155,0.062878,0.062628
440,0.071894,0.070717,0.070405,0.069233,0.068625,0.068456,0.067837,0.067381,0.066838,0.066437,0.065782,0.065521,0.065275,0.064906,0.064492,0.064244,0.063922,0.063688,0.063438,0.063256
441,0.071666,0.070684,0.070452,0.069374,0.068743,0.068503,0.067985,0.067519,0.06696,0.066643,0.066326,0.065825,0.065663,0.065455,0.064903,0.064812,0.064473,0.064391,0.063961,0.063933
442,0.071705,0.070733,0.070517,0.069476,0.068859,0.068672,0.068227,0.067782,0.067276,0.066892,0.066455,0.066404,0.066087,0.065893,0.065565,0.065295,0.065124,0.064998,0.064663,0.064666
443,0.071739,0.070763,0.070474,0.069394,0.069027,0.068866,0.068402,0.068081,0.067666,0.067347,0.066944,0.066694,0.066577,0.066476,0.066086,0.065985,0.065754,0.065622,0.065459,0.065521
444,0.071639,0.070812,0.070518,0.069475,0.069206,0.069026,0.068589,0.068416,0.067966,0.06772,0.067433,0.067237,0.06708,0.067069,0.066771,0.066701,0.066436,0.066297,0.066223,0.066363
445,0.071569,0.070832,0.070704,0.069666,0.069375,0.069342,0.068984,0.06867,0.068342,0.068149,0.067908,0.067742,0.067669,0.06765,0.067376,0.06735,0.067294,0.067169,0.067014,0.067203
446,0.071609,0.07083,0.070699,0.069837,0.069489,0.069456,0.069184,0.068946,0.068706,0.068644,0.068283,0.068286,0.068252,0.06826,0.068038,0.068145,0.068028,0.068029,0.067867,0.068039
447,0.07146,0.070809,0.07073,0.069865,0.06973,0.069679,0.06951,0.069222,0.069123,0.069072,0.06877,0.068743,0.068812,0.068896,0.068722,0.06884,0.068818,0.068841,0.068765,0.069064
448,0.071534,0.07084,0.070853,0.070035,0.069922,0.069936,0.069775,0.069674,0.069562,0.069505,0.06925,0.069416,0.069296,0.069555,0.069473,0.069604,0.069624,0.0698,0.069695,0.07
449,0.071427,0.070884,0.071005,0.07019,0.070111,0.070269,0.070001,0.070104,0.069887,0.070033,0.06989,0.070113,0.070112,0.070339,0.070194,0.070387,0.070465,0.070714,0.070662,0.071145
450,0.071454,0.070994,0.07101,0.07038,0.070363,0.070571,0.070353,0.070458,0.070405,0.070501,0.070458,0.070649,0.070764,0.071055,0.07106,0.071258,0.071404,0.071611,0.071702,0.072109
451,0.071353,0.071018,0.071087,0.070583,0.07056,0.070706,0.070656,0.070806,0.07084,0.071034,0.071041,0.07129,0.0714,0.07166,0.071787,0.072126,0.072247,0.072609,0.072822,0.073176
452,0.071336,0.071035,0.071266,0.070708,0.070797,0.070933,0.071046,0.071226,0.071284,0.071645,0.071588,0.071876,0.072159,0.072494,0.072623,0.07302,0.073241,0.073622,0.073849,0.074227
453,0.071278,0.071071,0.071377,0.070857,0.070947,0.071256,0.071411,0.071736,0.07183,0.072038,0.072248,0.072658,0.072961,0.073386,0.073561,0.073921,0.074225,0.074776,0.074901,0.075451
454,0.07122,0.071033,0.071412,0.070954,0.071102,0.07158,0.071729,0.071999,0.072297,0.072657,0.072852,0.073251,0.07362,0.074141,0.074366,0.074886,0.075237,0.075781,0.076081,0.07666
455,0.071111,0.071074,0.071535,0.07102,0.071386,0.071825,0.072107,0.072507,0.072708,0.073247,0.073553,0.073942,0.074417,0.074894,0.075302,0.075832,0.076241,0.076837,0.077191,0.077856
456,0.071041,0.071033,0.071556,0.071177,0.071523,0.072088,0.072335,0.072849,0.073297,0.073717,0.074169,0.074583,0.075235,0.075724,0.076172,0.076796,0.077286,0.077885,0.078406,0.078963
457,0.070993,0.07105,0.071496,0.071329,0.071689,0.072397,0.072792,0.073293,0.073767,0.07424,0.074728,0.075419,0.075909,0.076619,0.077102,0.077778,0.07828,0.079105,0.079433,0.080199
458,0.070834,0.071001,0.071589,0.071463,0.071953,0.07258,0.073012,0.07362,0.074211,0.074911,0.075361,0.076115,0.076818,0.077444,0.078013,0.078722,0.079389,0.080192,0.080673,0.081527
459,0.070693,0.070852,0.07167,0.071525,0.07214,0.072864,0.073304,0.074087,0.074725,0.075393,0.075986,0.076735,0.07751,0.078274,0.078913,0.079748,0.08047,0.081306,0.081928,0.082784
460,0.070545,0.070793,0.071599,0.071643,0.072266,0.073031,0.073701,0.074487,0.075163,0.075924,0.076544,0.077452,0.078331,0.079202,0.07989,0.080754,0.081481,0.082389,0.083075,0.084051
461,0.070305,0.070699,0.07162,0.071672,0.072315,0.073288,0.073889,0.074902,0.075672,0.076495,0.077224,0.078245,0.079156,0.080105,0.080789,0.081624,0.082524,0.083576,0.084238,0.085323
462,0.07016,0.070507,0.071554,0.071764,0.072364,0.073391,0.074322,0.075143,0.07607,0.076984,0.077842,0.078906,0.079885,0.080886,0.081708,0.082758,0.083639,0.084731,0.085504,0.086517
463,0.069819,0.070414,0.071504,0.071711,0.072536,0.073541,0.074455,0.075577,0.07648,0.077516,0.078417,0.079534,0.080607,0.081717,0.082624,0.083671,0.084718,0.085879,0.086644,0.087797
464,0.069562,0.070138,0.071389,0.071672,0.07258,0.073796,0.074688,0.075962,0.076923,0.077986,0.079058,0.080226,0.081399,0.082454,0.083523,0.084659,0.085759,0.087009,0.08792,0.089085
465,0.069202,0.069992,0.071261,0.071645,0.072707,0.073878,0.074907,0.076254,0.077353,0.078502,0.079638,0.080924,0.082163,0.083313,0.084441,0.085653,0.086847,0.088112,0.089103,0.090336
466,0.068932,0.069754,0.071144,0.071611,0.072794,0.074075,0.07515,0.076517,0.077763,0.078986,0.080244,0.081545,0.082791,0.084208,0.085313,0.086642,0.087843,0.089173,0.090321,0.091662
467,0.068595,0.069584,0.071013,0.07158,0.072821,0.074144,0.075361,0.076812,0.07815,0.079412,0.080746,0.082189,0.083554,0.085033,0.086265,0.087611,0.08896,0.090303,0.091447,0.092899
468,0.068219,0.069255,0.070736,0.071456,0.072744,0.074219,0.075503,0.077201,0.078444,0.079932,0.081408,0.082839,0.084344,0.085791,0.087125,0.088491,0.090016,0.091453,0.092667,0.094079
469,0.067841,0.069001,0.070591,0.07136,0.072729,0.074268,0.075659,0.07739,0.078758,0.080423,0.081829,0.083513,0.084964,0.086546,0.087965,0.089528,0.091057,0.092573,0.09382,0.095362
470,0.067371,0.068658,0.070342,0.071202,0.072811,0.074375,0.075811,0.077574,0.079215,0.080762,0.082457,0.084103,0.08571,0.087432,0.08886,0.090391,0.092015,0.093622,0.095029,0.096628
471,0.066993,0.068307,0.070164,0.071021,0.07276,0.07447,0.075974,0.077856,0.07954,0.081156,0.082982,0.084759,0.086427,0.088159,0.089674,0.091346,0.09311,0.094666,0.096188,0.097787
472,0.066473,0.067939,0.06982,0.070916,0.072632,0.074389,0.076128,0.078144,0.079895,0.08165,0.083476,0.085275,0.087018,0.088882,0.090585,0.092285,0.094081,0.095754,0.097267,0.098957
473,0.066033,0.067589,0.069663,0.070768,0.072504,0.074379,0.076193,0.078315,0.08025,0.082009,0.083882,0.085775,0.087742,0.089598,0.091341,0.093141,0.09498,0.096828,0.098439,0.100169
474,0.065521,0.067254,0.069397,0.070549,0.072454,0.074343,0.076347,0.078369,0.080499,0.082358,0.084321,0.086437,0.088289,0.090316,0.09217,0.094131,0.09599,0.09785,0.09952,0.101374
475,0.065075,0.066837,0.069,0.07035,0.072302,0.074401,0.076333,0.078662,0.080706,0.082771,0.084848,0.086984,0.088963,0.091017,0.092976,0.094848,0.096844,0.098893,0.100614,0.102544
476,0.06453,0.066409,0.068689,0.070148,0.072189,0.07443,0.07641,0.078815,0.080957,0.083017,0.085282,0.087452,0.08961,0.09171,0.093703,0.095813,0.097827,0.099732,0.101677,0.103636
477,0.064073,0.066038,0.068403,0.069911,0.072125,0.074301,0.076501,0.078927,0.081223,0.083358,0.085673,0.087942,0.090096,0.092344,0.094499,0.096613,0.098677,0.100826,0.102746,0.104713
478,0.063467,0.065598,0.068057,0.069702,0.072044,0.07429,0.076575,0.079021,0.081476,0.083777,0.086083,0.08842,0.090737,0.093032,0.095214,0.097305,0.099587,0.101764,0.103714,0.105753
479,0.062919,0.065191,0.067689,0.069418,0.071846,0.074145,0.076585,0.079205,0.081619,0.084006,0.086431,0.088928,0.091288,0.093674,0.095878,0.098084,0.100446,0.102655,0.104679,0.106832
480,0.062313,0.064729,0.067388,0.069095,0.071555,0.07406,0.076587,0.079208,0.081761,0.084248,0.086821,0.089236,0.091816,0.094213,0.096552,0.098882,0.101206,0.103465,0.105593,0.107754
481,0.061785,0.064228,0.066946,0.068801,0.071377,0.073921,0.076568,0.079363,0.08199,0.084469,0.087102,0.089736,0.092344,0.094739,0.097256,0.099578,0.101954,0.104447,0.106482,0.108848
482,0.061181,0.063651,0.06652,0.068488,0.071146,0.073746,0.07654,0.079346,0.082123,0.084716,0.087429,0.090188,0.092739,0.095314,0.097735,0.100299,0.102677,0.105205,0.107388,0.109706
483,0.060558,0.06312,0.066057,0.068062,0.070879,0.073571,0.076422,0.079395,0.082183,0.084878,0.087682,0.090466,0.093181,0.095817,0.098344,0.100988,0.103435,0.105957,0.10824,0.110503
484,0.059992,0.062598,0.065761,0.067851,0.070706,0.073523,0.076372,0.079456,0.082324,0.085125,0.087972,0.090691,0.093538,0.096415,0.098931,0.101475,0.104177,0.106618,0.109078,0.111504
485,0.059285,0.062162,0.065407,0.067549,0.0704,0.073415,0.076301,0.079481,0.082431,0.085271,0.088169,0.091127,0.094051,0.09687,0.099391,0.102234,0.104706,0.107411,0.109906,0.112381
486,0.058818,0.06163,0.064934,0.067268,0.070121,0.073281,0.07622,0.0795,0.082562,0.085421,0.088523,0.091538,0.094434,0.097307,0.099982,0.102844,0.105451,0.108196,0.110626,0.113171
487,0.058246,0.061172,0.06452,0.066986,0.069957,0.073075,0.076271,0.079509,0.082746,0.085726,0.088739,0.091864,0.094771,0.097865,0.100482,0.103482,0.106167,0.108885,0.111379,0.114064
488,0.057633,0.060658,0.064083,0.066648,0.06974,0.072987,0.076281,0.079511,0.082673,0.085923,0.089065,0.092191,0.095239,0.098277,0.101052,0.104008,0.106825,0.109617,0.112056,0.114789
489,0.057124,0.060186,0.063726,0.066213,0.069524,0.072766,0.076114,0.07959,0.082805,0.086031,0.089215,0.092578,0.095582,0.098662,0.101621,0.104502,0.107471,0.110055,0.112701,0.11553
490,0.056645,0.059782,0.063475,0.065974,0.069381,0.072667,0.076172,0.079484,0.082898,0.08616,0.089376,0.092703,0.09588,0.099086,0.101983,0.105051,0.108013,0.110765,0.113425,0.116233
491,0.056045,0.059364,0.063042,0.065815,0.069228,0.072505,0.076054,0.079555,0.083031,0.086317,0.089601,0.093002,0.09624,0.099512,0.102506,0.105508,0.108558,0.11134,0.114119,0.116884
492,0.055519,0.058866,0.06269,0.065537,0.069035,0.072433,0.07599,0.07959,0.083154,0.086435,0.089872,0.093331,0.096566,0.099856,0.102854,0.106021,0.109071,0.111889,0.11478,0.117439
493,0.05509,0.058494,0.062378,0.065274,0.068739,0.07232,0.076,0.079592,0.083139,0.086532,0.090044,0.093526,0.096779,0.100078,0.10323,0.106419,0.109527,0.112366,0.115261,0.118125
494,0.054611,0.058115,0.062055,0.064953,0.068559,0.072183,0.075838,0.079507,0.083169,0.086704,0.090207,0.093732,0.097145,0.100429,0.103632,0.106839,0.10999,0.112855,0.115736,0.118689
495,0.054135,0.057728,0.061674,0.064652,0.068371,0.072012,0.075714,0.079565,0.083289,0.086778,0.090329,0.093912,0.097372,0.100733,0.103985,0.107194,0.11034,0.113369,0.116221,0.119185
496,0.053607,0.05736,0.061338,0.064369,0.068095,0.071828,0.075696,0.079509,0.083238,0.086849,0.09046,0.094087,0.097538,0.101002,0.10424,0.107504,0.110758,0.113817,0.116634,0.119669
497,0.053175,0.056924,0.061073,0.06415,0.06792,0.07168,0.075529,0.07935,0.083291,0.086843,0.090503,0.094266,0.097808,0.101214,0.104567,0.107844,0.111035,0.114101,0.117065,0.12009
498,0.052746,0.056494,0.060787,0.063864,0.067738,0.071465,0.075438,0.079388,0.08331,0.086946,0.09061,0.094318,0.097933,0.101447,0.104686,0.108064,0.111319,0.114357,0.117437,0.120428
499,0.052376,0.056092,0.060346,0.063621,0.067464,0.071333,0.075414,0.079282,0.083214,0.086969,0.090661,0.094415,0.098083,0.101556,0.104885,0.108288,0.111576,0.114641,0.117653,0.120635
500,0.051927,0.055783,0.060169,0.063367,0.067195,0.07121,0.075214,0.079175,0.08315,0.08693,0.09069,0.094455,0.098129,0.101723,0.105076,0.10847,0.111741,0.114941,0.117836,0.120908
501,0.051508,0.055355,0.059845,0.063106,0.066977,0.070989,0.07504,0.079008,0.083103,0.086991,0.090652,0.094518,0.098215,0.101791,0.105131,0.108586,0.111914,0.115111,0.118099,0.121198
502,0.051146,0.05508,0.059498,0.062826,0.066722,0.070776,0.074869,0.078986,0.083009,0.086784,0.090693,0.0945,0.098196,0.101813,0.105202,0.108631,0.112005,0.115236,0.118255,0.121313
503,0.050715,0.054628,0.059196,0.06257,0.066411,0.070562,0.074715,0.078784,0.082868,0.086738,0.090579,0.094421,0.098176,0.101793,0.105218,0.108767,0.112007,0.115298,0.118319,0.121443
504,0.050276,0.054304,0.058873,0.062214,0.066209,0.070347,0.07445,0.078511,0.082784,0.086662,0.090483,0.09433,0.098156,0.101735,0.105176,0.108754,0.112038,0.115277,0.118358,0.121466
505,0.049814,0.053943,0.058466,0.061936,0.065949,0.070094,0.07433,0.078475,0.082576,0.086478,0.090405,0.094337,0.098012,0.101766,0.105234,0.108717,0.112023,0.115219,0.118282,0.121505
506,0.049453,0.053512,0.05815,0.061649,0.065635,0.069816,0.07404,0.078287,0.08234,0.086311,0.090301,0.094161,0.097951,0.101581,0.105065,0.108623,0.111966,0.115168,0.118222,0.121344
507,0.049049,0.05315,0.057859,0.061313,0.065426,0.069616,0.073792,0.077991,0.082197,0.086187,0.090023,0.093973,0.097751,0.101506,0.104901,0.108491,0.111772,0.115055,0.118155,0.121227
508,0.048642,0.052907,0.057506,0.060962,0.06515,0.069326,0.0735,0.077726,0.081897,0.085907,0.089843,0.093777,0.097519,0.101307,0.104763,0.108403,0.111647,0.114844,0.11795,0.121107
509,0.048271,0.052539,0.057155,0.060603,0.064826,0.069065,0.073228,0.077465,0.081686,0.085667,0.089616,0.093617,0.097368,0.101082,0.104507,0.108102,0.111462,0.114578,0.117655,0.12075
510,0.047889,0.052167,0.056836,0.060254,0.0645,0.068706,0.072996,0.077249,0.08138,0.085419,0.089331,0.09335,0.097053,0.100795,0.104329,0.107828,0.111141,0.114326,0.117419,0.12042
511,0.047512,0.051786,0.056441,0.059877,0.064146,0.068394,0.072602,0.076832,0.081095,0.085097,0.089007,0.092976,0.096706,0.100455,0.104018,0.10751,0.110841,0.114049,0.117167,0.120142
512,0.047164,0.051483,0.056079,0.059548,0.063816,0.067987,0.072376,0.07647,0.080742,0.084729,0.088698,0.092706,0.096477,0.100059,0.103595,0.107168,0.110451,0.113734,0.116729,0.119739
513,0.046786,0.051077,0.055797,0.059217,0.063472,0.067669,0.071996,0.076178,0.080414,0.084453,0.088283,0.09239,0.096065,0.099691,0.10326,0.106732,0.110041,0.113237,0.116305,0.119292
514,0.046449,0.050735,0.055391,0.058951,0.063024,0.067331,0.071574,0.075826,0.080098,0.084033,0.087972,0.091957,0.095612,0.0993,0.102844,0.106287,0.109591,0.112687,0.115833,0.118801
515,0.046121,0.050377,0.054991,0.058613,0.06263,0.067021,0.071204,0.075424,0.079689,0.083683,0.087581,0.091492,0.095285,0.09891,0.102394,0.105784,0.109091,0.112257,0.115258,0.118302
516,0.045723,0.050005,0.054681,0.058254,0.062274,0.066671,0.070853,0.075051,0.079306,0.08328,0.087044,0.090999,0.094745,0.098408,0.101847,0.105341,0.108528,0.111738,0.114793,0.117645
517,0.045378,0.049657,0.054312,0.057829,0.061938,0.066315,0.070437,0.074617,0.078812,0.082774,0.086667,0.090598,0.094289,0.097931,0.101364,0.104788,0.107964,0.111136,0.114138,0.11704
518,0.04504,0.049276,0.053912,0.057403,0.061525,0.065908,0.070015,0.07426,0.078429,0.082325,0.086163,0.090096,0.093825,0.097383,0.100798,0.104239,0.107361,0.110484,0.113414,0.116321
519,0.044741,0.048896,0.053614,0.057001,0.061166,0.06546,0.069598,0.073756,0.077992,0.081842,0.085613,0.089566,0.093215,0.096774,0.100208,0.103509,0.106706,0.109798,0.112729,0.115626
520,0.044428,0.048568,0.053214,0.056684,0.060771,0.065091,0.069173,0.07324,0.077425,0.08132,0.085137,0.088954,0.092616,0.096208,0.099546,0.102909,0.106074,0.109097,0.112068,0.114782
521,0.044106,0.048218,0.052826,0.056239,0.060359,0.064597,0.068737,0.072829,0.076962,0.08078,0.084596,0.088403,0.092066,0.095475,0.098909,0.102203,0.105376,0.108364,0.111204,0.11397
522,0.043787,0.047939,0.052479,0.055864,0.059994,0.064135,0.068265,0.07239,0.076569,0.080329,0.084002,0.087887,0.091436,0.094861,0.098289,0.101494,0.104611,0.107616,0.110404,0.113218
523,0.043489,0.047595,0.052179,0.055519,0.059605,0.063742,0.067793,0.071856,0.075863,0.07974,0.083504,0.087222,0.090802,0.094186,0.097514,0.100752,0.103838,0.106787,0.109512,0.112315
524,0.043241,0.047274,0.05183,0.055127,0.059141,0.06334,0.067355,0.071322,0.075357,0.079155,0.082819,0.086532,0.09021,0.093543,0.096781,0.099985,0.102998,0.105957,0.108621,0.111355
525,0.042949,0.04688,0.051483,0.054796,0.058759,0.062986,0.066821,0.070799,0.074837,0.07856,0.082241,0.085901,0.089367,0.092793,0.096012,0.099176,0.102171,0.105004,0.107746,0.110408
526,0.042631,0.046563,0.051196,0.054385,0.058283,0.06249,0.066396,0.070357,0.074234,0.077996,0.081548,0.085271,0.088662,0.09207,0.095213,0.098415,0.101333,0.10406,0.106852,0.1094
527,0.042315,0.046276,0.050751,0.054045,0.0579,0.062051,0.065879,0.069894,0.073689,0.07736,0.080981,0.084609,0.088041,0.091288,0.094353,0.097479,0.1004,0.103203,0.105875,0.108469
528,0.042096,0.045972,0.050457,0.053596,0.057544,0.061553,0.065378,0.069251,0.073089,0.076779,0.080326,0.083904,0.087187,0.090494,0.093617,0.096622,0.099486,0.102285,0.104833,0.107443
529,0.04187,0.045674,0.050083,0.05326,0.057174,0.061119,0.064779,0.068705,0.07251,0.076137,0.07967,0.083081,0.086459,0.089648,0.092711,0.095701,0.098486,0.10121,0.103782,0.106376
530,0.041506,0.045336,0.049753,0.052807,0.056666,0.060607,0.064378,0.068156,0.071919,0.075492,0.0789,0.082443,0.085602,0.088799,0.09182,0.094755,0.097574,0.10026,0.102781,0.105295
531,0.041249,0.045023,0.049435,0.05244,0.056282,0.060208,0.063859,0.06759,0.071334,0.074861,0.07825,0.081632,0.084798,0.087932,0.090987,0.093845,0.096614,0.099227,0.10168,0.10405
532,0.041027,0.04472,0.049073,0.052068,0.055937,0.059794,0.063344,0.067046,0.070722,0.074137,0.077526,0.080873,0.084096,0.087172,0.090092,0.092885,0.095693,0.098256,0.100672,0.102969
533,0.040817,0.04448,0.048767,0.051698,0.055474,0.059322,0.06287,0.066504,0.070094,0.073526,0.076763,0.080048,0.08323,0.086252,0.089185,0.091925,0.094641,0.097186,0.099496,0.101869
534,0.040638,0.044227,0.048469,0.051272,0.055061,0.058822,0.062328,0.065919,0.069527,0.072856,0.076077,0.079257,0.082407,0.085374,0.088209,0.091014,0.093578,0.096077,0.09837,0.100709
535,0.040471,0.043983,0.048184,0.050928,0.054665,0.058401,0.061813,0.065309,0.068913,0.072188,0.07533,0.078572,0.081598,0.084522,0.087291,0.090029,0.092502,0.094952,0.097273,0.099543
536,0.040205,0.043739,0.047875,0.05069,0.054262,0.057957,0.0613,0.064774,0.068227,0.071426,0.074604,0.077781,0.080757,0.083607,0.086344,0.088959,0.091473,0.093929,0.096182,0.098298
537,0.040061,0.043509,0.047583,0.050256,0.053887,0.057453,0.060779,0.064261,0.067671,0.07082,0.073887,0.076933,0.079821,0.082669,0.085333,0.088063,0.090347,0.092874,0.095019,0.097165
538,0.03994,0.043259,0.047306,0.049979,0.053522,0.057066,0.060298,0.06364,0.067081,0.070102,0.073193,0.076195,0.078995,0.081821,0.084514,0.087,0.089427,0.091746,0.093756,0.095899
539,0.039734,0.043025,0.047202,0.049741,0.053145,0.056669,0.059872,0.06309,0.066367,0.069462,0.072454,0.075351,0.078236,0.080955,0.083479,0.085992,0.088355,0.090589,0.092688,0.09473
540,0.039756,0.042898,0.046862,0.049482,0.052805,0.056222,0.059397,0.062585,0.065864,0.068828,0.071735,0.074547,0.077388,0.080041,0.082506,0.08504,0.087327,0.089522,0.091561,0.093542
541,0.03963,0.042727,0.046667,0.049133,0.05237,0.055835,0.058863,0.062111,0.065266,0.068052,0.070984,0.07382,0.076593,0.079128,0.081573,0.083961,0.086314,0.088451,0.090388,0.092342
542,0.039561,0.04265,0.046459,0.048955,0.052093,0.055326,0.058461,0.061575,0.064584,0.067487,0.070303,0.073045,0.075702,0.078316,0.080696,0.082988,0.085176,0.087342,0.089088,0.091129
543,0.039543,0.042419,0.046202,0.048639,0.051741,0.055117,0.058004,0.061013,0.064045,0.066848,0.06958,0.072139,0.074889,0.077424,0.079693,0.082042,0.084115,0.086219,0.088018,0.089913
544,0.039516,0.042318,0.046104,0.048415,0.051529,0.054683,0.057562,0.060549,0.063526,0.066225,0.068982,0.071493,0.074068,0.07655,0.078821,0.080963,0.083113,0.085072,0.086973,0.08881
545,0.039493,0.042217,0.045923,0.048221,0.051188,0.054344,0.057116,0.060107,0.062879,0.065641,0.068282,0.070754,0.073263,0.075685,0.077922,0.080043,0.082029,0.084082,0.08578,0.087519
546,0.039477,0.042153,0.045735,0.047985,0.0509,0.054028,0.05665,0.059591,0.062335,0.065017,0.067596,0.070067,0.072453,0.074827,0.076928,0.079107,0.08096,0.083013,0.084583,0.086411
547,0.039533,0.042108,0.045674,0.047765,0.050732,0.053712,0.056355,0.059085,0.061943,0.064509,0.066954,0.069323,0.071684,0.073977,0.076049,0.078074,0.080036,0.081944,0.083515,0.085253
548,0.039568,0.042116,0.045577,0.047598,0.050437,0.053422,0.055917,0.058685,0.061392,0.063925,0.066267,0.068544,0.070975,0.07312,0.075168,0.077171,0.078956,0.080829,0.082358,0.084077
549,0.039653,0.042219,0.045465,0.047474,0.050254,0.053062,0.05563,0.058364,0.060931,0.0633,0.065703,0.067979,0.070141,0.072295,0.074282,0.07621,0.07798,0.079829,0.081335,0.082867
550,0.039857,0.042236,0.045472,0.047296,0.05003,0.052812,0.055323,0.057907,0.060463,0.062733,0.065062,0.067244,0.069472,0.071456,0.073363,0.075327,0.077046,0.078775,0.080208,0.081688
551,0.039959,0.042261,0.045466,0.047237,0.049902,0.052644,0.054953,0.057471,0.059901,0.062191,0.064419,0.066648,0.06876,0.070692,0.072531,0.07435,0.076015,0.077779,0.079116,0.080527
552,0.040053,0.042377,0.04538,0.047178,0.049753,0.052398,0.054675,0.057147,0.059556,0.061785,0.063823,0.066,0.067964,0.069949,0.071745,0.073449,0.075095,0.07676,0.078077,0.079442
553,0.0402,0.042403,0.045521,0.047117,0.049662,0.052154,0.054384,0.056816,0.059134,0.061244,0.063341,0.065354,0.067291,0.069203,0.070973,0.072624,0.074141,0.075783,0.077032,0.078393
554,0.040466,0.042565,0.045487,0.047028,0.049522,0.052013,0.05419,0.056447,0.058722,0.060732,0.062767,0.064682,0.066673,0.068442,0.070069,0.071688,0.073224,0.07478,0.076025,0.077266
555,0.040652,0.042719,0.045526,0.047148,0.049409,0.051831,0.053941,0.056117,0.058438,0.060344,0.062273,0.064086,0.065951,0.067723,0.069296,0.070837,0.072284,0.073845,0.07504,0.076212
556,0.040886,0.042862,0.045692,0.047116,0.049411,0.051736,0.053709,0.055859,0.058004,0.059944,0.061716,0.063488,0.065318,0.067045,0.068576,0.070065,0.07137,0.072882,0.073949,0.075187
557,0.041051,0.043054,0.045725,0.047132,0.049372,0.051539,0.053525,0.055567,0.057652,0.059505,0.061231,0.063026,0.06472,0.066315,0.067752,0.069238,0.070528,0.07201,0.072984,0.074137
558,0.04143,0.043239,0.045774,0.047226,0.04932,0.051476,0.053337,0.055329,0.057355,0.059033,0.060706,0.062464,0.064087,0.06564,0.067044,0.06851,0.069678,0.071081,0.071971,0.073122
559,0.041636,0.043435,0.045929,0.047305,0.04932,0.05141,0.053172,0.055072,0.057034,0.05868,0.060224,0.061872,0.063468,0.064939,0.066338,0.067714,0.0688,0.070108,0.071089,0.072104
560,0.042059,0.043653,0.046171,0.047364,0.049348,0.051292,0.052982,0.054916,0.056703,0.058318,0.059803,0.061331,0.06292,0.064384,0.065568,0.066844,0.068021,0.069197,0.070112,0.071097
561,0.042371,0.04405,0.046314,0.04749,0.049331,0.051213,0.052849,0.054731,0.056442,0.058002,0.059499,0.060885,0.062304,0.063695,0.064867,0.06618,0.067205,0.068411,0.06927,0.070103
562,0.042781,0.044335,0.04651,0.047625,0.049429,0.051307,0.052814,0.054448,0.056221,0.057651,0.058993,0.060425,0.06181,0.06312,0.064272,0.065481,0.066479,0.06764,0.068312,0.069321
563,0.04305,0.044734,0.046615,0.047645,0.049303,0.051098,0.052591,0.054237,0.055864,0.057243,0.058518,0.059849,0.061237,0.062533,0.063507,0.064618,0.0656,0.066665,0.067233,0.068238
564,0.043466,0.045024,0.046859,0.047748,0.049433,0.051146,0.052583,0.054094,0.055666,0.056984,0.058097,0.059477,0.060624,0.061842,0.062879,0.063865,0.064834,0.065833,0.066389,0.067278
565,0.043825,0.045428,0.047096,0.048048,0.049495,0.051194,0.052565,0.053917,0.05547,0.056703,0.057712,0.059058,0.060176,0.061292,0.062213,0.063245,0.064103,0.065114,0.065592,0.066412
566,0.044276,0.045819,0.047385,0.048131,0.04973,0.051238,0.052489,0.053857,0.055334,0.056451,0.057468,0.058671,0.059759,0.060686,0.061688,0.062662,0.063404,0.064272,0.064773,0.065508
567,0.044714,0.046131,0.047672,0.048375,0.049807,0.051254,0.052465,0.053794,0.05513,0.056213,0.057197,0.05825,0.059286,0.060295,0.061054,0.061977,0.062709,0.063521,0.064027,0.064742
568,0.04528,0.046515,0.048051,0.048638,0.049945,0.051329,0.052432,0.053729,0.054945,0.055977,0.056837,0.057833,0.058843,0.059823,0.06061,0.061372,0.061954,0.062709,0.063192,0.063866
569,0.045684,0.047024,0.048289,0.049007,0.050168,0.051458,0.052486,0.053639,0.054927,0.055778,0.056604,0.05751,0.058503,0.05934,0.059947,0.060801,0.061273,0.06209,0.062371,0.063109
570,0.046246,0.0474,0.048674,0.049272,0.050298,0.051662,0.052435,0.053564,0.054711,0.055567,0.056327,0.057295,0.057994,0.058795,0.059474,0.060193,0.060638,0.061455,0.061681,0.0623
571,0.046744,0.047806,0.049127,0.049486,0.050586,0.051746,0.052618,0.053527,0.05467,0.055475,0.05608,0.056899,0.05772,0.058366,0.058952,0.059489,0.059989,0.060713,0.061053,0.061462
572,0.047327,0.048315,0.049446,0.049812,0.050763,0.051805,0.052638,0.053564,0.054615,0.055249,0.055755,0.056554,0.057328,0.057903,0.058466,0.058993,0.059417,0.060038,0.06021,0.060696
573,0.047851,0.04873,0.049828,0.050122,0.051025,0.051972,0.052633,0.053532,0.054482,0.055039,0.055585,0.056245,0.056857,0.057495,0.058034,0.058592,0.058915,0.05928,0.059566,0.059872
574,0.048371,0.049136,0.050209,0.050468,0.051219,0.052109,0.052717,0.053605,0.054319,0.05494,0.055418,0.055939,0.056564,0.057131,0.057513,0.057945,0.058279,0.0587,0.058814,0.059191
575,0.049109,0.049654,0.050629,0.050722,0.05148,0.052306,0.052885,0.053638,0.054346,0.054696,0.055162,0.055657,0.056307,0.05666,0.057017,0.057378,0.057729,0.058129,0.058137,0.058492
576,0.049614,0.050184,0.050987,0.051142,0.051735,0.052503,0.052998,0.053626,0.054377,0.05459,0.054922,0.055469,0.055836,0.056316,0.056558,0.057042,0.057179,0.057539,0.05757,0.057784
577,0.050207,0.050686,0.0515,0.051458,0.052029,0.052647,0.053065,0.053604,0.054241,0.054536,0.054738,0.055236,0.055629,0.055963,0.056206,0.056372,0.056638,0.056839,0.056894,0.057111
578,0.050855,0.0512,0.05189,0.05174,0.052281,0.052899,0.053185,0.05364,0.05418,0.054496,0.054622,0.054914,0.055286,0.055597,0.055758,0.05594,0.056098,0.056244,0.05616,0.056352
579,0.051416,0.0517,0.052271,0.052065,0.052535,0.052979,0.053307,0.053794,0.054169,0.054264,0.054411,0.05469,0.055036,0.055231,0.055298,0.055491,0.055472,0.055662,0.055546,0.055654
580,0.052042,0.052197,0.052758,0.052418,0.052801,0.05317,0.053514,0.053756,0.054191,0.054199,0.054274,0.054498,0.054745,0.054873,0.054922,0.055004,0.054885,0.055052,0.054981,0.055047
581,0.052644,0.052677,0.053151,0.052761,0.053117,0.053417,0.053577,0.053757,0.054169,0.054162,0.054097,0.054311,0.054496,0.054527,0.054497,0.054505,0.054379,0.054514,0.054375,0.05435
582,0.053121,0.053172,0.053535,0.053105,0.053442,0.053627,0.053676,0.053881,0.054143,0.054061,0.054031,0.054033,0.054114,0.054109,0.054088,0.054168,0.053881,0.054012,0.053783,0.053773
583,0.05376,0.053694,0.054043,0.053422,0.05365,0.053767,0.053812,0.053896,0.054124,0.053937,0.053802,0.053761,0.05391,0.053802,0.053727,0.053632,0.053409,0.05345,0.053122,0.053051
584,0.054443,0.054179,0.054403,0.05378,0.053995,0.053986,0.053926,0.053921,0.054099,0.053849,0.053695,0.053581,0.053613,0.053473,0.05326,0.05311,0.052936,0.052871,0.052535,0.052432
585,0.05496,0.054623,0.054803,0.054166,0.054209,0.054119,0.05407,0.053955,0.054076,0.053797,0.053387,0.053446,0.053245,0.053209,0.052928,0.052823,0.052452,0.052362,0.051968,0.051797
586,0.055531,0.055122,0.055346,0.054466,0.054487,0.05428,0.05415,0.054018,0.054074,0.053586,0.053265,0.053245,0.052981,0.052841,0.052632,0.052363,0.052042,0.051863,0.051419,0.051238
587,0.056042,0.055561,0.055688,0.054812,0.054726,0.054451,0.054269,0.054066,0.054031,0.053582,0.053204,0.052976,0.05284,0.052445,0.052182,0.05187,0.051522,0.051339,0.050819,0.050719
588,0.056667,0.056003,0.056056,0.055244,0.054973,0.054759,0.054368,0.054098,0.053929,0.053595,0.053055,0.052725,0.052525,0.052169,0.05167,0.051463,0.051029,0.050786,0.050284,0.050061
589,0.057108,0.056489,0.056474,0.055465,0.055204,0.054802,0.054484,0.054087,0.053915,0.053361,0.052779,0.052486,0.05232,0.051852,0.051409,0.050984,0.050553,0.050249,0.049748,0.04944
590,0.057675,0.056912,0.056808,0.055751,0.055413,0.05497,0.054545,0.054181,0.053926,0.05325,0.052706,0.052394,0.051978,0.05149,0.051069,0.050627,0.050102,0.04969,0.049107,0.048774
591,0.058249,0.057304,0.057171,0.056038,0.055583,0.055035,0.054603,0.054213,0.053864,0.053206,0.052551,0.052107,0.051737,0.051214,0.050617,0.050225,0.049609,0.049261,0.048534,0.04819
592,0.058713,0.057703,0.057474,0.056252,0.055822,0.055248,0.0547,0.054234,0.053784,0.053033,0.05231,0.051911,0.051532,0.050858,0.05029,0.049677,0.049165,0.048702,0.047981,0.047566
593,0.059121,0.058031,0.05779,0.056494,0.056023,0.055395,0.05476,0.054207,0.053668,0.05284,0.052159,0.051612,0.051119,0.050428,0.04997,0.049324,0.048771,0.048085,0.047489,0.046931
594,0.05954,0.058468,0.058096,0.056753,0.056199,0.055475,0.054713,0.054237,0.053573,0.052793,0.051981,0.051319,0.050779,0.05009,0.049442,0.04879,0.048238,0.047597,0.046804,0.046421
595,0.05998,0.058719,0.058409,0.056926,0.056371,0.055665,0.054829,0.05418,0.053606,0.052686,0.05185,0.051166,0.05054,0.049798,0.049097,0.048432,0.047731,0.04716,0.046329,0.045814
596,0.060437,0.0591,0.058665,0.057154,0.056555,0.055646,0.05485,0.05407,0.053441,0.052449,0.051568,0.050942,0.050153,0.049492,0.048736,0.047935,0.04731,0.046562,0.04582,0.04533
597,0.060836,0.059395,0.058977,0.057363,0.056546,0.055741,0.054824,0.054002,0.053282,0.052347,0.05133,0.050632,0.049884,0.04908,0.048239,0.047631,0.046825,0.046123,0.045268,0.044696
598,0.061239,0.059708,0.05912,0.057504,0.056678,0.055753,0.054801,0.053936,0.053192,0.052148,0.051077,0.050373,0.049647,0.04868,0.047851,0.047145,0.046275,0.045542,0.044745,0.044119
599,0.061543,0.059957,0.059322,0.057608,0.056771,0.05589,0.054816,0.053862,0.053117,0.051929,0.050844,0.05,0.049165,0.048373,0.047418,0.046666,0.045835,0.045047,0.044179,0.043528
600,0.061857,0.060235,0.059523,0.057876,0.056826,0.05585,0.05472,0.053796,0.05295,0.051743,0.050639,0.049736,0.048872,0.047987,0.047091,0.046259,0.04535,0.044536,0.043641,0.04287
601,0.062169,0.06041,0.059633,0.057894,0.05695,0.05585,0.054619,0.053633,0.052785,0.051601,0.050378,0.049419,0.048578,0.047639,0.046641,0.045685,0.044829,0.044061,0.04304,0.042372
602,0.062394,0.060733,0.059818,0.057899,0.056913,0.055754,0.054565,0.053446,0.052632,0.051285,0.050186,0.049168,0.048246,0.047252,0.046279,0.045379,0.044339,0.043528,0.042501,0.041671
603,0.062649,0.060763,0.059919,0.058007,0.056916,0.055817,0.054524,0.053398,0.052503,0.051122,0.049858,0.048913,0.04792,0.046842,0.0458,0.044928,0.043909,0.042976,0.041976,0.04116
604,0.062896,0.060963,0.060019,0.058026,0.056947,0.055766,0.054433,0.053197,0.05226,0.050861,0.04961,0.048537,0.047535,0.046451,0.045333,0.044412,0.043397,0.042496,0.041395,0.04056
605,0.063063,0.061094,0.060197,0.058079,0.056847,0.055638,0.054276,0.053094,0.051984,0.050546,0.049299,0.0482,0.047169,0.046077,0.044898,0.043994,0.042873,0.041909,0.040887,0.040069
606,0.063202,0.061226,0.060065,0.058162,0.056841,0.055534,0.054109,0.05285,0.051766,0.050368,0.048995,0.047894,0.046882,0.04568,0.044518,0.043553,0.042359,0.041379,0.040347,0.039472
607,0.063276,0.061276,0.060165,0.05808,0.056775,0.055365,0.053948,0.052606,0.051503,0.050038,0.048681,0.047468,0.046454,0.04527,0.044144,0.042974,0.041892,0.040945,0.039719,0.038951
608,0.063472,0.061327,0.060136,0.057974,0.056727,0.055334,0.053909,0.052392,0.051288,0.049792,0.048355,0.047174,0.045928,0.044807,0.043658,0.04252,0.041444,0.040345,0.039246,0.038387
609,0.063478,0.061324,0.060007,0.0579,0.056512,0.055023,0.0536,0.052188,0.050968,0.049413,0.047941,0.046782,0.045592,0.044253,0.043189,0.042045,0.040829,0.039833,0.038602,0.037736
610,0.063616,0.061241,0.060034,0.057787,0.056291,0.054803,0.053362,0.051925,0.050721,0.049078,0.04755,0.04646,0.045162,0.043893,0.042643,0.041419,0.040243,0.039209,0.037968,0.03715
611,0.063517,0.061179,0.059904,0.057693,0.056099,0.054704,0.053186,0.051602,0.050323,0.048745,0.047192,0.045976,0.044651,0.043512,0.042223,0.040924,0.039758,0.038609,0.03754,0.036533
612,0.063436,0.061142,0.059762,0.057466,0.055972,0.054543,0.05284,0.051414,0.050021,0.048307,0.046834,0.045478,0.044244,0.043035,0.041739,0.040445,0.039243,0.038104,0.036912,0.036028
613,0.063393,0.060988,0.059606,0.057197,0.055709,0.054229,0.052523,0.05111,0.049612,0.047932,0.046419,0.045066,0.043854,0.042404,0.041168,0.039961,0.03867,0.037507,0.036309,0.035332
614,0.063231,0.060724,0.059308,0.057027,0.055341,0.05385,0.052245,0.050604,0.049228,0.047545,0.04604,0.044645,0.043303,0.041911,0.040537,0.039257,0.038097,0.037035,0.035684,0.034722
615,0.063119,0.060539,0.059058,0.05671,0.05511,0.053557,0.051908,0.050212,0.048866,0.047144,0.045536,0.044186,0.042841,0.041404,0.040035,0.038805,0.037552,0.036405,0.035152,0.034127
616,0.062898,0.060417,0.058796,0.056454,0.054754,0.053222,0.051458,0.049853,0.048527,0.046641,0.045038,0.043636,0.042349,0.040909,0.03965,0.038329,0.037047,0.035796,0.034576,0.033519
617,0.062685,0.060173,0.058542,0.056178,0.054471,0.052818,0.051157,0.049479,0.047932,0.046168,0.044594,0.043122,0.04184,0.04041,0.039126,0.037767,0.036443,0.035169,0.034034,0.032874
618,0.062484,0.059868,0.058177,0.055799,0.054045,0.052452,0.050678,0.048959,0.047493,0.045776,0.044025,0.042693,0.041224,0.039845,0.03846,0.037125,0.035929,0.034521,0.033335,0.032267
619,0.062124,0.059442,0.057899,0.055413,0.05366,0.052022,0.050225,0.048454,0.047021,0.045217,0.043557,0.042056,0.040718,0.039223,0.037928,0.036502,0.035263,0.033931,0.032648,0.031769
620,0.061791,0.059066,0.057523,0.055001,0.053196,0.051606,0.04973,0.047964,0.046476,0.044628,0.04296,0.04156,0.040103,0.038728,0.037341,0.035959,0.034622,0.033384,0.032131,0.031027
621,0.061371,0.058668,0.057004,0.054574,0.052746,0.051087,0.049241,0.047533,0.045969,0.044153,0.042481,0.040961,0.039515,0.037996,0.036725,0.035317,0.033994,0.032735,0.031504,0.030481
622,0.060963,0.058346,0.05646,0.054158,0.052282,0.050609,0.04875,0.046919,0.045459,0.043599,0.041825,0.040481,0.03895,0.037495,0.036017,0.034759,0.033339,0.032107,0.030882,0.02971
623,0.060573,0.057759,0.056067,0.05363,0.051793,0.050012,0.048253,0.046317,0.044853,0.043083,0.041249,0.039846,0.038378,0.036952,0.035462,0.0342,0.032772,0.031505,0.030185,0.029142
624,0.06002,0.057414,0.0556,0.053095,0.05124,0.049428,0.047596,0.045779,0.044223,0.042333,0.040671,0.039233,0.037714,0.036287,0.034822,0.033607,0.032156,0.030836,0.029534,0.028455
625,0.059476,0.056726,0.054966,0.052395,0.050727,0.048882,0.046963,0.045219,0.043695,0.041743,0.040097,0.038651,0.037209,0.035586,0.034201,0.032869,0.031416,0.030138,0.028962,0.027826
626,0.059016,0.056212,0.05444,0.051773,0.050136,0.048282,0.046425,0.044603,0.042968,0.041171,0.039397,0.037896,0.036518,0.03497,0.033519,0.032178,0.030756,0.02955,0.02834,0.027182
627,0.058411,0.055638,0.053833,0.051257,0.049496,0.047571,0.045752,0.043886,0.042454,0.040502,0.038701,0.037257,0.035822,0.034222,0.032886,0.03153,0.030183,0.028784,0.027662,0.026453
628,0.057767,0.054993,0.053162,0.0506,0.048809,0.047013,0.045084,0.043245,0.041696,0.0398,0.037991,0.036542,0.03521,0.033637,0.03224,0.030872,0.029573,0.028247,0.026907,0.025889
629,0.057146,0.054332,0.052558,0.049982,0.048114,0.04628,0.044432,0.042635,0.040993,0.039194,0.037434,0.035949,0.034492,0.033002,0.031554,0.030181,0.028834,0.02746,0.02633,0.025134
630,0.056534,0.053617,0.051867,0.049233,0.047423,0.045543,0.043719,0.041956,0.040312,0.03846,0.036683,0.035298,0.033738,0.032297,0.030835,0.029428,0.028166,0.026812,0.025648,0.024504
631,0.055686,0.052948,0.051103,0.048508,0.046647,0.044861,0.042998,0.041157,0.039527,0.037706,0.035988,0.034564,0.033153,0.03159,0.030151,0.02878,0.027493,0.026126,0.024879,0.02387
632,0.055031,0.052207,0.050335,0.047798,0.045977,0.044083,0.042247,0.040353,0.038827,0.036894,0.035321,0.033859,0.032425,0.030782,0.029432,0.028147,0.026758,0.025427,0.024295,0.02309
633,0.054296,0.051375,0.049566,0.046955,0.045194,0.043402,0.041529,0.039662,0.038049,0.036267,0.034628,0.032992,0.0317,0.030053,0.028762,0.027374,0.026006,0.024746,0.023543,0.022416
634,0.053547,0.050622,0.048707,0.046166,0.04438,0.042625,0.04076,0.038907,0.037266,0.035525,0.033813,0.032244,0.030911,0.029349,0.028028,0.026681,0.02531,0.02405,0.022821,0.021796
635,0.052646,0.049768,0.047884,0.0454,0.043617,0.041779,0.039992,0.038139,0.036504,0.034681,0.033116,0.031556,0.030167,0.028603,0.027228,0.025951,0.024561,0.023254,0.022062,0.021113
636,0.051825,0.048913,0.04712,0.044555,0.042813,0.040986,0.039156,0.037321,0.035807,0.03391,0.032309,0.030727,0.029424,0.027939,0.026541,0.025115,0.023991,0.02256,0.021493,0.020297
637,0.050945,0.047925,0.046222,0.043629,0.041927,0.040112,0.038408,0.036558,0.034944,0.03311,0.031493,0.030016,0.028643,0.027166,0.025854,0.024485,0.023256,0.021874,0.020756,0.019608
638,0.050031,0.047124,0.045262,0.04266,0.040989,0.039318,0.037496,0.035747,0.034166,0.03233,0.030753,0.029314,0.027835,0.026432,0.025046,0.023751,0.022492,0.021208,0.019956,0.018931
639,0.049176,0.046205,0.044395,0.041866,0.040164,0.038413,0.036709,0.03483,0.03322,0.031523,0.02995,0.028354,0.027059,0.025578,0.024216,0.022995,0.021822,0.02049,0.019351,0.018237
640,0.048186,0.045372,0.043422,0.040998,0.039189,0.037507,0.035785,0.033993,0.03241,0.030667,0.029086,0.027604,0.026317,0.024814,0.023497,0.022242,0.021105,0.019707,0.018571,0.017594
641,0.047189,0.044327,0.042551,0.040133,0.038332,0.036545,0.034842,0.033118,0.031622,0.029851,0.028275,0.026776,0.025465,0.024036,0.022855,0.021536,0.020313,0.018999,0.017937,0.016956
642,0.046257,0.043434,0.041573,0.039161,0.037394,0.035744,0.033858,0.032266,0.030811,0.029052,0.027518,0.026037,0.024782,0.023289,0.021959,0.020801,0.019592,0.018287,0.017266,0.016235
643,0.045236,0.042435,0.040563,0.038175,0.03648,0.03486,0.033134,0.031383,0.029929,0.028203,0.026533,0.025298,0.023945,0.022508,0.021204,0.020098,0.018825,0.017565,0.016476,0.015511
644,0.044119,0.041428,0.03979,0.037231,0.035593,0.033857,0.032131,0.03052,0.028975,0.027288,0.025799,0.024432,0.023069,0.021704,0.020439,0.019376,0.018138,0.016893,0.015869,0.014796
645,0.043114,0.040445,0.038636,0.036159,0.034606,0.032929,0.031222,0.02955,0.028121,0.026476,0.024908,0.02364,0.022283,0.020817,0.019764,0.018607,0.01743,0.016238,0.015104,0.014097
646,0.042057,0.039406,0.037659,0.03524,0.033691,0.031916,0.03035,0.028679,0.027283,0.025703,0.024127,0.022774,0.021559,0.020174,0.018952,0.017818,0.016578,0.015512,0.014331,0.01346
647,0.041044,0.038324,0.036654,0.034343,0.032636,0.031087,0.029336,0.027854,0.026456,0.024662,0.023226,0.021917,0.020682,0.019384,0.018099,0.017038,0.015898,0.014789,0.013671,0.012748
648,0.039955,0.037255,0.035574,0.033314,0.031739,0.029988,0.028378,0.026921,0.02553,0.023855,0.02247,0.02113,0.019914,0.018644,0.017403,0.01631,0.015216,0.014071,0.012983,0.012036
649,0.038857,0.036276,0.034657,0.032255,0.030749,0.0291,0.02746,0.025999,0.024639,0.02303,0.021582,0.020307,0.019156,0.01792,0.01677,0.015569,0.014545,0.013373,0.012399,0.011325
650,0.037762,0.035274,0.033519,0.031262,0.029648,0.028115,0.026498,0.025002,0.023628,0.022099,0.020753,0.019446,0.018288,0.01699,0.015891,0.014884,0.013794,0.01265,0.011622,0.010677
651,0.036637,0.034163,0.03253,0.030398,0.02873,0.02709,0.025568,0.024069,0.022826,0.02123,0.019849,0.018629,0.017483,0.016172,0.015047,0.013974,0.013041,0.01193,0.010893,0.010145
652,0.035556,0.033048,0.031563,0.029226,0.02768,0.026249,0.024608,0.0231,0.021909,0.020443,0.019003,0.017759,0.016733,0.015464,0.0144,0.013266,0.012208,0.011191,0.010274,0.009406
653,0.034498,0.031955,0.030366,0.028176,0.026784,0.025207,0.02371,0.022399,0.021042,0.019539,0.018121,0.017005,0.015947,0.014711,0.013656,0.012577,0.011531,0.010487,0.009512,0.008762
654,0.033304,0.030995,0.029338,0.027247,0.025745,0.0243,0.02272,0.02143,0.020138,0.018588,0.017399,0.016116,0.015046,0.013948,0.012843,0.011829,0.010968,0.009796,0.008947,0.007987
655,0.0323,0.029902,0.028326,0.026248,0.024675,0.023276,0.02182,0.020526,0.019149,0.017754,0.016484,0.015339,0.014318,0.013147,0.012065,0.011085,0.010121,0.009157,0.008254,0.007393
656,0.031232,0.028746,0.027225,0.025153,0.023775,0.022359,0.020841,0.019539,0.018332,0.016886,0.015658,0.014492,0.013564,0.012361,0.011376,0.010408,0.009513,0.008441,0.007528,0.006711
657,0.030176,0.027721,0.0262,0.024135,0.022794,0.021337,0.01999,0.018632,0.017449,0.016039,0.014846,0.013719,0.012644,0.011592,0.010709,0.009716,0.008799,0.007738,0.007004,0.006005
658,0.029013,0.026641,0.025156,0.023151,0.021815,0.02035,0.019081,0.017673,0.016609,0.015233,0.014009,0.012834,0.011992,0.010875,0.009942,0.008915,0.008087,0.007094,0.006404,0.005368
659,0.028,0.02551,0.024128,0.022124,0.02084,0.01943,0.018052,0.016844,0.015759,0.014358,0.013094,0.012107,0.011166,0.010122,0.009115,0.008252,0.007404,0.006507,0.005739,0.004773
660,0.026903,0.024488,0.023063,0.021106,0.019802,0.018485,0.017112,0.01597,0.014873,0.013528,0.012384,0.011275,0.01045,0.009326,0.008375,0.007515,0.006668,0.005896,0.00507,0.004216
661,0.025756,0.023456,0.022054,0.020053,0.018807,0.017557,0.016244,0.015049,0.013932,0.012666,0.01155,0.010597,0.00956,0.008687,0.007789,0.006837,0.006054,0.00516,0.004369,0.003662
662,0.024654,0.022327,0.020947,0.019145,0.017833,0.016659,0.015278,0.014152,0.013105,0.011794,0.01068,0.009762,0.008801,0.007874,0.007083,0.006188,0.005361,0.004531,0.003756,0.002996
663,0.023639,0.02136,0.019907,0.018134,0.016811,0.015616,0.014342,0.013216,0.012264,0.011076,0.009899,0.009045,0.008181,0.007247,0.006324,0.005535,0.00477,0.003863,0.003203,0.002425
664,0.022655,0.020293,0.018991,0.017095,0.015843,0.014771,0.013424,0.01246,0.011431,0.010284,0.009181,0.008358,0.00745,0.00647,0.005557,0.004798,0.00398,0.003284,0.002588,0.001863
665,0.021656,0.019397,0.017992,0.016204,0.014925,0.013805,0.012609,0.011516,0.010687,0.009518,0.008406,0.007524,0.00671,0.005854,0.004881,0.004223,0.003389,0.002679,0.00197,0.001272
666,0.020562,0.018288,0.016959,0.015223,0.01405,0.012894,0.011701,0.010793,0.009829,0.008719,0.007639,0.006815,0.005974,0.00509,0.004221,0.003599,0.002717,0.002068,0.001336,0.000636
667,0.019545,0.017221,0.015933,0.01437,0.01314,0.01206,0.010932,0.009959,0.009006,0.007885,0.006849,0.006163,0.005201,0.004352,0.003578,0.002841,0.002171,0.001471,0.000816,0.000031
668,0.018519,0.016249,0.015038,0.013387,0.012276,0.01125,0.010167,0.009134,0.008135,0.007118,0.006192,0.005339,0.004511,0.003785,0.002935,0.002241,0.001573,0.000824,0.00026,-0.000427
669,0.017447,0.015236,0.01402,0.012488,0.011336,0.01033,0.009269,0.008253,0.007329,0.006243,0.00531,0.004681,0.003932,0.003112,0.002305,0.00167,0.000938,0.000306,-0.000287,-0.000975
670,0.016499,0.014351,0.013087,0.011632,0.010402,0.009383,0.008406,0.007401,0.006505,0.005571,0.004747,0.003984,0.003172,0.002352,0.001564,0.001039,0.000236,-0.000367,-0.000876,-0.001588
671,0.01553,0.013411,0.01216,0.010656,0.009561,0.008582,0.007645,0.00663,0.00584,0.004771,0.004025,0.003353,0.002548,0.001673,0.001096,0.00039,-0.000277,-0.000955,-0.001375,-0.002075
672,0.01463,0.012401,0.011359,0.009844,0.008779,0.007747,0.006788,0.005904,0.005215,0.004188,0.003213,0.002639,0.00191,0.001137,0.000525,-0.000239,-0.000854,-0.001523,-0.00194,-0.002568
673,0.013697,0.011467,0.010301,0.008878,0.007862,0.006985,0.005964,0.005158,0.00442,0.00333,0.002694,0.001929,0.001206,0.000483,-0.000189,-0.000717,-0.001404,-0.001856,-0.002523,-0.003126
674,0.012706,0.010594,0.009399,0.007972,0.007037,0.006102,0.005247,0.004338,0.003694,0.002658,0.00198,0.001236,0.000673,-0.000094,-0.000805,-0.001324,-0.00194,-0.002379,-0.003018,-0.003646
675,0.011744,0.00978,0.008635,0.007118,0.006282,0.005248,0.004499,0.00359,0.00287,0.001941,0.001329,0.000576,-0.000057,-0.000634,-0.001367,-0.001883,-0.002509,-0.003061,-0.003573,-0.004092
676,0.010835,0.00871,0.007785,0.006304,0.005463,0.004548,0.003801,0.002899,0.002178,0.001384,0.000639,-0.000141,-0.000569,-0.00122,-0.00186,-0.002457,-0.002979,-0.003561,-0.003977,-0.004573
677,0.009858,0.007931,0.006951,0.005503,0.004559,0.00384,0.002977,0.002202,0.001429,0.000556,0.000092,-0.000711,-0.001318,-0.001875,-0.002513,-0.002932,-0.003621,-0.004118,-0.00452,-0.005024
678,0.009137,0.007002,0.006111,0.004711,0.003864,0.003102,0.002201,0.001582,0.000781,0.000023,-0.000593,-0.001278,-0.001784,-0.002434,-0.003062,-0.003586,-0.003975,-0.004435,-0.005001,-0.005491
679,0.008152,0.006347,0.00523,0.003854,0.003211,0.002412,0.001572,0.000849,0.000121,-0.00068,-0.00123,-0.001819,-0.00237,-0.002978,-0.003623,-0.00405,-0.004468,-0.004918,-0.005347,-0.005998
680,0.007325,0.005427,0.004355,0.003191,0.002415,0.001646,0.000975,0.000136,-0.000527,-0.001308,-0.001785,-0.002453,-0.003121,-0.003469,-0.004027,-0.004545,-0.005025,-0.005562,-0.005879,-0.006408
681,0.006493,0.004537,0.003658,0.002428,0.001579,0.000959,0.000212,-0.000535,-0.001197,-0.002004,-0.00248,-0.003101,-0.003557,-0.004124,-0.004652,-0.005004,-0.005528,-0.006096,-0.006422,-0.006869
682,0.005638,0.003863,0.002863,0.001683,0.000919,0.000175,-0.000443,-0.001079,-0.001765,-0.00255,-0.002929,-0.003501,-0.004041,-0.004708,-0.00511,-0.005551,-0.005928,-0.006433,-0.006784,-0.007169
683,0.004834,0.002987,0.002176,0.000901,0.000212,-0.000446,-0.001138,-0.001759,-0.002296,-0.002994,-0.003412,-0.004087,-0.004597,-0.005092,-0.005659,-0.006044,-0.006419,-0.006878,-0.007239,-0.007614
684,0.003976,0.002317,0.001411,0.000263,-0.000404,-0.001204,-0.001695,-0.002447,-0.002894,-0.003647,-0.004008,-0.004712,-0.005098,-0.005524,-0.006173,-0.006495,-0.006865,-0.007263,-0.007678,-0.008042
685,0.003267,0.001544,0.000697,-0.000475,-0.001048,-0.001886,-0.002339,-0.003031,-0.003506,-0.0042,-0.00458,-0.005162,-0.005517,-0.00606,-0.006653,-0.006907,-0.007358,-0.007676,-0.008081,-0.008567
686,0.002503,0.000848,-0.000017,-0.001053,-0.001789,-0.002293,-0.002928,-0.003631,-0.004104,-0.00483,-0.005167,-0.005613,-0.006118,-0.006466,-0.00704,-0.007344,-0.007719,-0.00812,-0.008399,-0.008914
687,0.001711,0.000174,-0.00066,-0.001785,-0.002385,-0.002988,-0.003539,-0.004187,-0.004652,-0.005283,-0.005631,-0.006128,-0.006596,-0.007022,-0.007388,-0.007776,-0.008242,-0.008594,-0.008834,-0.009151
688,0.001023,-0.000416,-0.00126,-0.002382,-0.003007,-0.003538,-0.004115,-0.004754,-0.005175,-0.005877,-0.006096,-0.006584,-0.007,-0.007438,-0.00793,-0.008336,-0.008661,-0.008971,-0.009209,-0.009617
689,0.000263,-0.00105,-0.001989,-0.003069,-0.003524,-0.004192,-0.004674,-0.005296,-0.005645,-0.006392,-0.006599,-0.007045,-0.007563,-0.007901,-0.008328,-0.00864,-0.008957,-0.009291,-0.009673,-0.009984
690,-0.000331,-0.001765,-0.002603,-0.003686,-0.004158,-0.004819,-0.005175,-0.005731,-0.006222,-0.006905,-0.007038,-0.007483,-0.007882,-0.008343,-0.008706,-0.008976,-0.009521,-0.009701,-0.010052,-0.01024
691,-0.001064,-0.002549,-0.003249,-0.004264,-0.004898,-0.0053,-0.005838,-0.006312,-0.006737,-0.007302,-0.007574,-0.007973,-0.008406,-0.008762,-0.009181,-0.009527,-0.009853,-0.010082,-0.010425,-0.010638
692,-0.001727,-0.003138,-0.003817,-0.004836,-0.005348,-0.00588,-0.006291,-0.00674,-0.007202,-0.007813,-0.008013,-0.008431,-0.008953,-0.009227,-0.009548,-0.009794,-0.010242,-0.010516,-0.010702,-0.010921
693,-0.002307,-0.003752,-0.00435,-0.005295,-0.005947,-0.006357,-0.006868,-0.00735,-0.007645,-0.008137,-0.008466,-0.008889,-0.009285,-0.009655,-0.009913,-0.010118,-0.01054,-0.010726,-0.011065,-0.011397
694,-0.002841,-0.004328,-0.004949,-0.005879,-0.006402,-0.006845,-0.007291,-0.007836,-0.008177,-0.008773,-0.008883,-0.009325,-0.009605,-0.009974,-0.010274,-0.010648,-0.010911,-0.011063,-0.011477,-0.011656
695,-0.003512,-0.004849,-0.0055,-0.006503,-0.006994,-0.007322,-0.007863,-0.008244,-0.008684,-0.009144,-0.009338,-0.009715,-0.010054,-0.010307,-0.010709,-0.01088,-0.011184,-0.011355,-0.01182,-0.011859
696,-0.003993,-0.005357,-0.005928,-0.00702,-0.007448,-0.007826,-0.008379,-0.008684,-0.00898,-0.009566,-0.00965,-0.010101,-0.010456,-0.010749,-0.011075,-0.01127,-0.011511,-0.011741,-0.01217,-0.012259
697,-0.004588,-0.005982,-0.00647,-0.007493,-0.007876,-0.008343,-0.008723,-0.009137,-0.009411,-0.009959,-0.010128,-0.01041,-0.010827,-0.011049,-0.01139,-0.01169,-0.01182,-0.012111,-0.012439,-0.012547
698,-0.005054,-0.006433,-0.007105,-0.007946,-0.008319,-0.008772,-0.009149,-0.009481,-0.009794,-0.010401,-0.010446,-0.010782,-0.01109,-0.011455,-0.0118,-0.011984,-0.012182,-0.012393,-0.012677,-0.012846
699,-0.005516,-0.007012,-0.00753,-0.008428,-0.008753,-0.009269,-0.009506,-0.009862,-0.010314,-0.010685,-0.010902,-0.011267,-0.01151,-0.011737,-0.01204,-0.012338,-0.012484,-0.012738,-0.013009,-0.013138
700,-0.005953,-0.007515,-0.008062,-0.00896,-0.009147,-0.009627,-0.010012,-0.010415,-0.010678,-0.011067,-0.011167,-0.011606,-0.011913,-0.01218,-0.012406,-0.012576,-0.012778,-0.01294,-0.01321,-0.013414
